5,0.5530382944497332,9.91488277694303,5.233960535696381
10,88.68713431555375,16.02687781519701,52.35700606537538
15,96.06594049038837,22.406421380277514,59.23618093533294
20,97.09929725293406,28.377192064961083,62.73824465894757
25,94.79760381822592,19.903582074900893,57.3505929465634
30,93.0454721461193,21.22439231848081,57.13493223230005
35,96.83387421375294,26.546163485829545,61.69001884979124
40,98.10988959011404,30.169459980996972,64.13967478555551
45,95.29120129336445,21.068940250416563,58.18007077189051
50,91.51940006045726,21.455162249847042,56.48728115515215
55,95.60970564885956,23.396709319218477,59.503207484039024
60,96.84612623915474,28.30455794390706,62.575342091530906
65,94.98959633217241,15.394048796281668,55.19182256422703
70,97.20072029144364,27.25409685222182,62.22740857183273
75,94.67912179179207,18.889496795899074,56.78430929384557
80,96.01686719987595,25.033361527465882,60.525114363670916
85,95.74299873875296,20.81144386316063,58.277221300956796
90,95.78902069896142,21.678319256042087,58.733669977501755
95,97.0177177465992,25.760818940822983,61.38926834371109
100,96.79235749192159,21.2378054261213,59.015081459021445
105,97.64947427329608,29.77436520872448,63.711919741010284
110,98.17923485068441,28.4398225601764,63.30952870543041
115,97.07819131564287,25.13495067742416,61.10657099653351
120,93.89974446311695,16.277172354930734,55.08845840902384
125,95.66203548559858,19.26911317555456,57.46557433057657
130,97.02626980437836,25.946103687273276,61.48618674582582
135,95.64629990919734,19.95429087562397,57.800295392410646
140,96.84672984071871,23.379843340823708,60.11328659077121
145,96.82726279946064,22.664409113200733,59.74583595633069
150,96.47078583621422,22.481921608171575,59.4763537221929
155,96.52005834560198,22.053971996806844,59.2870151712044
160,96.22028894039616,22.64216554852697,59.43122724446157
165,97.19270050858714,24.57924221174749,60.88597136016731
170,97.77770590731875,26.53648909656229,62.15709750194052
175,97.93879688974062,29.63849704890006,63.78864696932034
180,96.94258664164968,24.8295050061066,60.88604582387814
185,97.33657307198305,27.830127893624756,62.5833504828039
190,96.05884326725457,20.84141427618412,58.450128771719356
195,97.56742614545152,24.16336728556226,60.86539671550689
200,97.57978942031454,25.588867627791473,61.584328524053
205,97.2120127604556,24.249836533103217,60.73092464677941
210,96.88510722214492,22.36355315352494,59.62433018783493
215,95.39513005534057,19.76658831903551,57.58085918718804
220,96.61846396291551,23.0058264265612,59.812145194738356
225,96.00829524592578,19.44731404958678,57.72780464775627
230,96.2983335377607,20.838974272773118,58.56865390526691
235,97.79368724164172,27.200564133925813,62.49712568778377
240,96.50684876958944,21.268295484869988,58.88757212722972
245,96.5188721713059,21.24777804467932,58.88332510799261
250,97.23672164354831,24.187873308964072,60.7122974762562
255,95.70387813884184,20.751051548697962,58.22746484376991
260,93.84308906103502,15.391021906932991,54.617055483984004
265,94.24924887886321,17.091496548009445,55.670372713436336
270,95.42837732965667,18.317289229175696,56.87283327941618
275,96.06435386567533,20.228073301738437,58.14621358370688
280,96.70420394469417,23.810383702811052,60.25729382375261
285,96.31772169288222,20.37407823691966,58.34589996490094
290,97.12109723972023,24.316354804024385,60.71872602187231
295,95.46465854761344,18.746518636305208,57.105588591959325
300,97.29836777612452,22.74286736536342,60.02061757074397
305,95.89838181522444,20.310300925089344,58.104341370156895
310,96.01090690250935,18.976616195489726,57.49376154899954
315,97.45332492894696,26.96475499943664,62.2090399641918
320,96.22300240299644,20.43634589955229,58.32967415127437
325,97.59852910567365,25.81646930068876,61.70749920318121
330,96.90172885709055,24.0959975224431,60.498863189766816
335,97.24689020809208,23.44335931882659,60.34512476345933
340,94.5236026409788,14.671973091759186,54.59778786636898
345,96.22405076489257,21.541658661119097,58.88285471300583
350,97.36867802551888,27.738331719907293,62.553504872713084
355,95.4737313226471,19.075866375273183,57.27479884896014
360,96.22314180091959,21.249342203659285,58.736242002289444
365,97.23993323081363,25.092131043623585,61.16603213721861
370,95.82451916550528,19.552130176242795,57.68832467087404
375,96.3329425204513,20.710783047387448,58.521862783919374
380,97.49812056821764,25.376572562750226,61.43734656548393
385,96.40956756108926,22.210601146054287,59.31008435357177
390,92.27036412370967,11.871686559553995,52.071025341631824
395,95.89567361133969,19.916303286285682,57.905988448812685
400,96.95146984196128,22.094896062537366,59.52318295224932
405,97.71142896429738,25.478192951492424,61.59481095789491
410,93.74113507840417,13.010200316989017,53.37566769769659
415,96.7158200865296,24.29054627370232,60.50318318011596
420,96.43402202366028,22.138155089938106,59.2860885567992
425,97.29951768340206,26.10240911336491,61.70096339838349
430,96.24227932093554,21.780594899752963,59.01143711034425
435,96.65228920739673,21.951634624429996,59.30196191591337
440,97.1133928841197,23.123756182439998,60.11857453327985
445,96.79646459855219,23.059411250431236,59.927937924491715
450,96.69612801541712,22.683286179535727,59.68970709747642
455,95.78291145099904,20.250093243350566,58.0165023471748
460,96.89013733082494,23.07164998985537,59.980893660340165
465,93.51614488099396,15.470446059318462,54.49329547015621
470,95.95334197260716,19.53041949086531,57.74188073173624
475,95.85040679781763,20.67798349936278,58.264195148590204
480,97.47679136641774,24.691013125561405,61.08390224598958
485,92.32638759274677,11.070657493168644,51.698522542957704
490,97.0986248845892,25.038144372332983,61.06838462846109
495,95.90344588813063,20.43306355039848,58.16825471926455
500,97.0545755503705,24.429595117432292,60.7420853339014
505,97.4764125701131,25.421430335145388,61.44892145262924
510,97.54497755500235,26.66461650155704,62.10479702827969
515,97.32137837512732,23.824046673122233,60.572712524124775
520,97.08362823321517,23.545521578229778,60.31457490572247
525,96.76713508992874,20.63043648106672,58.69878578549773
530,96.40157106556899,21.719972334557706,59.06077170006334
535,96.55197143552662,20.486198851806144,58.51908514366638
540,96.43432355295992,21.314374410023923,58.87434898149192
545,95.71086299017018,18.671452591696237,57.19115779093321
550,96.24727833048605,22.517315311576805,59.38229682103143
555,96.62203407951121,23.309225804505836,59.965629942008526
560,96.47337318067615,21.09843274487025,58.78590296277319
565,95.54597682462982,17.2331747949054,56.389575809767614
570,96.09952111517511,21.16376511357978,58.631643114377454
575,97.54917287426359,26.290816859785554,61.91999486702458
580,96.24859714572007,20.89935222939603,58.57397468755805
585,96.9221099290639,23.62985882425791,60.275984376660894
590,97.08250161314847,25.60998488964565,61.346243251397055
595,96.40887515494826,21.171044625101125,58.78995989002469
600,95.76018220506965,19.426643058267206,57.59341263166843
605,96.78286623307024,23.64497581535323,60.213921024211736
610,96.09206653190434,20.526269160166947,58.309167846035635
615,96.9568747012078,22.424690830345224,59.690782765776504
620,95.95905147485325,21.547386864268095,58.75321916956068
625,96.12804664604006,21.616499784503283,58.872273215271676
630,96.65939677105764,22.20603746427984,59.432717117668744
635,96.37520913296589,20.89236317534485,58.633786154155366
640,96.94286424049672,24.956716181398818,60.94979021094776
645,97.39280737675168,26.16135026323939,61.77707881999554
650,97.54766839094843,28.145282941071674,62.84647566601005
655,96.98271233844729,22.73326715680779,59.857989747627535
660,96.57897922327479,22.344478022590796,59.461728622932796
665,97.85951466203561,28.40117210059909,63.13034338131735
670,97.54131346888005,25.76500868072239,61.65316107480122
675,97.74141634643388,27.337931222786597,62.53967378461024
680,97.19965427417986,23.25671149720027,60.22818288569006
685,97.13213958055915,23.626888017935332,60.37951379924724
690,97.1277549978113,24.183200673643153,60.655477835727226
695,96.62305649186216,23.72113516268276,60.17209582727246
700,97.60892485666541,26.93522797932082,62.27207641799312
705,97.09605068212305,24.3717050549797,60.733877868551374
710,97.26770124230329,24.819069676428242,61.043385459365766
715,97.49089538565042,27.246984098639395,62.3689397421449
720,97.21701762646,24.70608423933725,60.961550932898625
725,96.02781695526107,21.229607999198816,58.628712477229946
730,95.6334486448544,19.716264156125575,57.67485640048998
735,96.63586231369369,22.077018016295042,59.356440164994375
740,97.07638388396029,26.23234278381446,61.654363333887375
745,97.01614354801303,23.836438400158276,60.42629097408565
750,96.88836360745306,24.452533325250187,60.67044846635162
755,96.95652086177877,24.013693018125217,60.48510693995199
760,97.13897254652476,24.20665358513064,60.67281306582769
765,97.59981214591731,27.84363791597014,62.72172503094373
770,96.91928260730617,23.993660897314527,60.45647175231035
775,97.33535665796778,26.735720199582087,62.03553842877493
780,95.60488750344331,20.52734826810253,58.06611788577292
785,95.59051653664301,19.82186665377597,57.70619159520949
790,98.19329199894241,24.525209796160123,61.35925089755126
795,97.55651048757447,26.772190751242846,62.16435061940866
800,96.94080567466501,24.560839311071174,60.750822492868096
805,96.55622037177663,20.525639675429165,58.5409300236029
810,97.68554135996622,26.334538794904145,62.01004007743518
815,96.3851149009652,21.200982874938138,58.79304888795167
820,96.1182291339794,21.722119482190237,58.92017430808482
825,97.5676306458317,26.623763279588054,62.09569696270988
830,97.26686199037847,26.03844758274565,61.65265478656205
835,97.1729636467534,23.966360648952605,60.56966214785301
840,97.84295850520257,26.71759780787181,62.28027815653719
845,98.12942448047197,30.00555489425862,64.0674896873653
850,97.23043363227885,25.706941789475785,61.46868771087731
855,97.71526431114546,27.320292651728074,62.51777848143676
860,96.64377327806191,23.955989298404816,60.29988128823337
865,96.43375458327921,19.780534556139852,58.10714456970953
870,96.75720712647893,23.635429906822665,60.19631851665079
875,95.92917212189732,21.140581682855995,58.534876902376666
880,96.00590543481923,21.642214574024482,58.82406000442185
885,97.52268901653592,28.387249321172135,62.954969168854035
890,97.90349525518798,29.479594440964245,63.691544848076106
895,96.45285856095003,22.515326705641932,59.48409263329598
900,96.58845590544139,23.224537265418757,59.90649658543008
905,97.16328656204463,25.334478546129525,61.24888255408707
910,96.28599507107008,20.43185731178692,58.358926191428495
915,96.94389585457272,24.37407706063157,60.65898645760215
920,96.98584367878541,24.778567494245042,60.88220558651523
925,94.50664667657671,15.41877407061901,54.96271037359786
930,96.15222118782573,20.016922052038897,58.08457161993231
935,97.12088083665205,22.43970320037546,59.78029201851376
940,97.17565192480647,24.91086601814579,61.043258971476135
945,96.25848363589674,22.430191890321932,59.34433776310934
950,97.66359058620601,29.292290483219936,63.47794053471297
955,97.22886548499734,26.347046275001446,61.78795587999939
960,97.09445262866076,24.52288135184134,60.80866699025105
965,96.04938957105456,20.55176931197935,58.30057944151695
970,97.87479887186323,24.550130347269945,61.21246460956659
975,97.84833818960695,25.425843699386302,61.63709094449662
980,96.79534185617223,24.537968663963557,60.66665526006789
985,97.71227678371432,25.869045911324633,61.790661347519475
990,96.64643445895695,23.3957448048094,60.02108963188317
995,96.79445976823084,23.551952613100944,60.17320619066589
1000,95.88611554855316,21.559116610461725,58.72261607950744
1005,97.82994234198412,25.54881801084774,61.68938017641593
1010,96.85858032788079,23.5186084231308,60.18859437550579
1015,96.52544608421915,22.77769675125639,59.65157141773777
1020,96.66338564692765,22.848861309072372,59.75612347800001
1025,97.06971497941964,24.454612030908855,60.762163505164246
1030,96.84059098040184,23.87027533468879,60.35543315754531
1035,96.99765729508557,25.01456163185806,61.006109463471816
1040,97.60863905035279,27.38917653277126,62.49890779156202
1045,97.35959877762595,25.978678933187695,61.669138855406814
1050,95.81077715480933,21.15974046253884,58.485258808674075
1055,96.3561722689214,22.132937533145807,59.24455490103361
1060,96.48507438905793,23.175714611012747,59.83039450003535
1065,97.49924797063512,26.337418647383547,61.918333309009334
1070,97.8757880749703,29.293843583430768,63.58481582920054
1075,97.41810756913097,24.765251503549628,61.0916795363403
1080,96.95915917142358,24.237021138925698,60.598090155174646
1085,96.93211857441969,24.055321652418844,60.49372011341927
1090,96.7648579135569,24.968897843131693,60.8668778783443
1095,95.70906557974958,19.272449727814685,57.49075765378213
1100,96.55787486286563,23.57437783656544,60.06612634971553
1105,97.31331206824623,26.264449392877754,61.78888073056199
1110,97.55638255407504,27.933967766812422,62.745175160443736
1115,96.41132418533954,22.92505100532145,59.668187595330494
1120,98.06383459140221,29.76885005934073,63.91634232537147
1125,97.61137272162122,27.743804777949848,62.67758874978554
1130,97.16876724564216,24.152420680281395,60.66059396296177
1135,97.42843409173726,25.057433947095838,61.24293401941655
1140,97.0138316170632,26.068742721416964,61.541287169240086
1145,96.32986229005778,21.286177553041995,58.80801992154988
1150,97.72944261996798,28.74225512708713,63.23584887352756
1155,94.7429797258393,15.94301316247135,55.342996444155325
1160,97.47348296473338,24.06712791079356,60.77030543776347
1165,97.40268169069357,26.496668394444068,61.94967504256882
1170,96.12450828358328,20.91068986793408,58.51759907575869
1175,96.33543042191425,21.758783167130176,59.04710679452222
1180,97.31984574008536,25.961776788293978,61.640811264189665
1185,97.59824384779165,26.100311238703927,61.849277543247794
1190,95.54015912757447,19.552850011748177,57.546504569661316
1195,97.96443279588203,26.83998225008713,62.40220752298459
1200,97.68936006779964,28.63408315844701,63.16172161312332
1205,97.16863630705103,24.73772480101375,60.95318055403239
1210,98.02192089979148,28.661659253056023,63.341790076423756
1215,95.91029251358219,20.971805127330523,58.44104882045635
1220,97.43600738949446,27.344411296663445,62.39020934307895
1225,97.68579379475646,28.931606686476634,63.30870024061655
1230,97.58313247206824,26.925452733891785,62.25429260298001
1235,97.57437304543487,27.73339174733519,62.65388239638503
1240,97.45090221889457,27.606292763894658,62.52859749139461
1245,97.273583110069,24.772596152438183,61.02308963125359
1250,97.72823880421507,28.12707755535111,62.92765817978309
1255,97.43450012405663,27.40721094497235,62.42085553451449
1260,97.85425090260465,28.744859030181203,63.299554966392925
1265,97.75267306063631,29.62643370002469,63.6895533803305
1270,97.34093197562255,26.97428686453781,62.157609420080185
1275,97.47311402459509,25.93523753236957,61.70417577848233
1280,96.61959009944437,22.89195243233811,59.755771265891234
1285,97.14770354046564,25.92464340750531,61.53617347398548
1290,97.1024009131899,25.355478445527513,61.228939679358696
1295,97.31607841105561,25.578473805022256,61.44727610803894
1300,97.23753181416677,24.27906624961729,60.75829903189203
1305,96.99505015329437,24.05876661759832,60.52690838544634
1310,97.58909874650105,25.415830685261408,61.50246471588123
1315,97.07990633873207,24.365003021912475,60.72245468032227
1320,97.47805826603367,26.932624604339118,62.20534143518639
1325,97.45428363880298,27.49301969610343,62.4736516674532
1330,97.37531501179127,26.593267557276846,61.984291284534066
1335,97.24856618329316,26.539956687056183,61.89426143517467
1340,95.34319455803868,12.569630942954694,53.95641275049668
1345,96.6487466910423,22.035869415514675,59.342308053278494
1350,96.3139628041531,20.681490826172933,58.49772681516302
1355,97.56608673817524,25.04402907020891,61.30505790419208
1360,97.60826727133477,25.4937492566505,61.551008263992635
1365,97.41457834671252,24.117670862749492,60.766124604731
1370,97.18299275098738,24.190724284983876,60.686858517985634
1375,96.27390130525974,22.594050985243438,59.43397614525159
1380,97.15851542620993,25.584980979338066,61.371748202774
1385,97.63600395595383,27.504318808196093,62.570161382074964
1390,97.26020775699136,21.91995287347207,59.59008031523172
1395,97.75509535639718,29.25879025013675,63.506942803266966
1400,97.74417483674581,27.01932200539801,62.38174842107191
1405,96.26345654395756,21.224833577220338,58.74414506058895
1410,97.21819620767305,25.363486852648663,61.290841530160854
1415,96.8098598835837,23.60551979231457,60.20768983794913
1420,97.49624212597261,24.077386000011252,60.78681406299194
1425,98.25756346273397,29.725103534932618,63.9913334988333
1430,97.90350458653997,26.489415865795557,62.19646022616776
1435,96.8222268521637,25.311256722445467,61.06674178730458
1440,97.50155576689723,26.216073696639945,61.85881473176858
1445,97.62452245488196,26.509724567683023,62.067123511282496
1450,98.11543877721978,30.249799324474168,64.18261905084697
1455,97.80377605854044,28.459868685978368,63.13182237225941
1460,97.04567524168517,24.609309359771466,60.82749230072832
1465,97.20695016830363,24.859656263165036,61.033303215734335
1470,97.113064159697,26.111434844484453,61.612249502090734
1475,97.54818482379049,27.512196959412005,62.53019089160126
1480,96.87743980047088,20.52501779635571,58.7012287984133
1485,97.22772163141185,25.65636442990722,61.44204303065954
1490,97.18029328382322,24.125364587609912,60.65282893571656
1495,97.74873034526881,25.445300213435186,61.59701527935199
1500,97.47209772625577,26.131636669827497,61.801867198041634
1505,96.83480175428045,22.659333674905476,59.74706771459296
1510,97.61551310585655,28.97989528464544,63.297704195251
1515,97.63090228607612,27.485608098449703,62.55825519226291
1520,97.50277828507564,26.637343515878005,62.07006090047682
1525,97.12183506674273,24.135456110516113,60.628645588629425
1530,98.06190104520437,27.97846802795572,63.02018453658004
1535,97.5563868077806,26.837524677357212,62.1969557425689
1540,97.08737582965182,25.729203286859132,61.40828955825548
1545,97.55436873692544,27.65002760220472,62.602198169565085
1550,98.07775332661247,30.531072688237998,64.30441300742523
1555,97.11630140244118,23.892110178614075,60.504205790527635
1560,96.76862628044806,23.232750190840896,60.00068823564448
1565,98.2920677267934,27.658128857570507,62.975098292181954
1570,97.90143129710766,28.599425243279093,63.25042827019338
1575,97.65168694719225,25.467449149155463,61.55956804817385
1580,96.80415964625406,23.42483473816761,60.114497192210834
1585,97.71931371362273,26.666172146040466,62.19274292983159
1590,97.92889682640626,29.39000778621108,63.65945230630867
1595,97.3876357537725,26.554469692785588,61.971052723279044
1600,97.28841194247467,26.36898392637223,61.828697934423445
1605,97.49587796985543,27.43749850953398,62.466688239694705
1610,97.55365522922001,28.11420190128456,62.833928565252286
1615,97.66110328940103,28.25789633932889,62.95949981436496
1620,97.22159063031728,25.597379061356442,61.40948484583686
1625,96.54509245643784,22.765427494280836,59.65525997535934
1630,97.52397294550018,27.13542602297845,62.32969948423932
1635,97.7688906055989,30.06343494131727,63.91616277345808
1640,97.49248984332246,27.411150347944037,62.451820095633245
1645,98.10341808351863,29.636528501995464,63.86997329275705
1650,97.4016024352962,25.729619609529596,61.565611022412895
1655,97.4217082526824,26.38822899119387,61.904968621938124
1660,97.96071526967816,27.959192272937962,62.959953771308065
1665,96.83560904394348,23.222875209440122,60.0292421266918
1670,96.16593657503849,18.597625027387714,57.3817808012131
1675,97.80568914744657,23.684273532607694,60.74498134002714
1680,97.37335132043603,25.200688138377163,61.2870197294066
1685,97.49244784407348,26.04068282033124,61.76656533220236
1690,97.1889626976544,25.498815677808068,61.343889187731236
1695,96.803845862983,23.27836606277245,60.04110596287773
1700,97.57844512631321,24.03768380748439,60.808064466898806
1705,97.37964864681572,27.820392835792063,62.600020741303894
1710,96.77784244975037,22.176432768667965,59.477137609209166
1715,97.50836646190851,26.026769329160043,61.76756789553427
1720,97.05796451400734,22.260927209863254,59.6594458619353
1725,98.01073509930843,28.73514205505939,63.372938577183916
1730,97.58644376168579,23.261788187849593,60.42411597476769
1735,96.75943918771874,24.312044184082136,60.53574168590043
1740,97.76644523623435,26.332916582879424,62.04968090955688
1745,97.46213513490194,27.23656477899049,62.34934995694621
1750,98.03986954700214,29.50030659255042,63.770088069776286
1755,97.53076464803792,26.56761666085381,62.049190654445866
1760,97.95015167178921,28.88411523618081,63.417133453985016
1765,97.26026772177035,24.29378034065101,60.77702403121068
1770,97.98395552981951,30.019575381793608,64.00176545580656
1775,96.5223802463899,20.765078205683242,58.64372922603657
1780,97.79698476548313,25.49129254590311,61.64413865569311
1785,96.93288654804941,22.13856689444411,59.53572672124676
1790,97.40786522748263,24.65051340781132,61.02918931764697
1795,97.21571371583066,25.724523990482993,61.47011885315683
1800,97.63967239799088,28.000424216959452,62.82004830747516
1805,97.20751719399459,22.25271988020054,59.73011853709757
1810,97.33597215442408,24.81341272028081,61.074692437352454
1815,97.45797226683447,26.07541878964795,61.766695528241215
1820,97.15401314901861,25.00313065573071,61.07857190237467
1825,97.62489752496172,26.739002721397913,62.18195012317982
1830,97.57467347413521,27.235017611352795,62.404845542744006
1835,97.48769986388272,22.724905860561993,60.106302862222364
1840,97.58249813755559,24.269458820872746,60.92597847921417
1845,97.89640799008735,29.395978413108846,63.6461932015981
1850,97.75722288277647,28.910176658767874,63.33369977077217
1855,97.94466865562997,29.783946421612605,63.86430753862129
1860,97.25603695830648,24.71689006052055,60.98646350941351
1865,97.46661703612843,27.988736987521605,62.72767701182501
1870,97.47150777610464,26.453286195624067,61.96239698586435
1875,96.7331356909593,23.842352023089166,60.28774385702423
1880,97.45936638414483,27.339932710348496,62.39964954724666
1885,96.67211852994659,17.406001570885383,57.039060050415976
1890,97.82931020890481,28.495133839085522,63.16222202399517
1895,97.5497561741283,26.21816398324445,61.88396007868637
1900,96.9463041575151,25.102548680893268,61.02442641920418
1905,96.79249063572009,22.18540893120772,59.48894978346391
1910,97.73037848720443,26.299840304411642,62.01510939580803
1915,97.85817203594243,27.943944576176534,62.901058306059475
1920,97.42412955573944,27.202143106378667,62.31313633105905
1925,97.80018828333503,28.447703831793525,63.12394605756428
1930,97.51445849563204,25.94738522625965,61.73092186094584
1935,96.72507731305025,22.731751933419574,59.72841462323492
1940,97.91582930593594,28.595478311430504,63.25565380868322
1945,96.58712463467491,23.355993373847703,59.9715590042613
1950,97.3099362339341,26.755543536264913,62.03273988509951
1955,97.18868241341735,25.80363688354431,61.49615964848083
1960,96.54935794919945,17.64984076543867,57.09959935731905
1965,96.62870008142434,23.456818424492795,60.04275925295857
1970,97.68609457114941,28.133749273684078,62.90992192241674
1975,96.49586312250848,21.62985854969942,59.06286083610395
1980,97.75749165051558,27.170718053611797,62.464104852063684
1985,97.4230543713724,23.97656061795872,60.699807494665556
1990,97.24433840689882,24.025606913544852,60.63497266022184
1995,97.49391886783425,26.613051127744757,62.05348499778951
2000,98.14952408533223,28.5930290926452,63.371276588988714
2005,97.23350536638813,26.26163381685463,61.74756959162138
2010,97.21924673492312,23.889987286341928,60.55461701063252
2015,96.86653378987383,24.443967587996028,60.655250688934935
2020,97.55925729048664,27.768394425503168,62.6638258579949
2025,97.95093214675525,28.974518300092473,63.46272522342385
2030,97.58152633321248,27.89528790839354,62.73840712080301
2035,98.12521062691295,31.101921313194612,64.61356597005378
2040,97.7243535343669,27.741715929977307,62.73303473217211
2045,97.58146599241583,23.663723785653897,60.622594889034865
2050,97.73700629687562,26.831963716954522,62.28448500691507
2055,97.7524736710995,28.325073760789127,63.03877371594431
2060,97.83070230159457,26.774788703913472,62.30274550275402
2065,97.9135591791293,29.71191495713089,63.81273706813009
2070,97.59647229331117,28.03331184711776,62.81489207021447
2075,97.5690707429296,27.11542653828589,62.34224864060774
2080,96.92866454138839,24.364319897341513,60.64649221936496
2085,96.57057674012276,22.790307117511578,59.68044192881716
2090,97.10655996998506,25.30399747162953,61.205278720807286
2095,97.41337575066122,21.69835677551472,59.555866263087964
2100,96.70795977307162,23.17971996073104,59.94383986690133
2105,97.53657217876025,25.17622309134606,61.35639763505316
2110,97.25287220033447,24.41611588769219,60.83449404401332
2115,96.6025392521141,18.932158579163083,57.76734891563859
2120,96.42205745509223,21.959212240846973,59.190634847969605
2125,96.67413936745972,18.644845637479484,57.659492502469604
2130,97.76998056369915,27.87514884475878,62.82256470422895
2135,97.68732391311846,25.882279972709792,61.78480194291412
2140,97.27294755259385,24.485068530186197,60.87900804139002
2145,97.72784675339969,29.402356589914586,63.565101671657146
2150,97.78075160498607,27.97628527230013,62.87851843864309
2155,97.40236605900245,25.458998657740604,61.43068235837153
2160,97.62428827997527,28.390878175635127,63.0075832278052
2165,97.97073205046124,29.8060354714696,63.88838376096542
2170,97.53706515458254,26.49954195233612,62.01830355345933
2175,97.31591049415289,26.293936234589054,61.80492336437098
2180,97.63176262278311,27.998286105756314,62.81502436426971
2185,97.44165157811892,26.211061938097114,61.82635675810801
2190,97.47446040296623,23.728006314041938,60.60123335850409
2195,97.43896105840518,26.88032196086902,62.1596415096371
2200,98.14595468468224,29.786166198741064,63.96606044171165
2205,98.11026184136009,28.11480250494317,63.11253217315163
2210,97.08000724244454,24.564669152671176,60.822338197557855
2215,97.86833979559908,29.4053452761603,63.63684253587969
2220,97.73791230551147,29.331401640832905,63.53465697317219
2225,97.75413862355286,27.114164540970005,62.434151582261435
2230,97.57419471939606,28.401572057192787,62.98788338829442
2235,97.65017451106989,28.20034969231618,62.925262101693036
2240,97.70993514542741,27.460186888246003,62.585061016836704
2245,97.7493169504034,28.590936835680157,63.170126893041775
2250,97.32137984690688,25.73071182768477,61.52604583729582
2255,97.19394541577489,25.410335290352315,61.302140353063606
2260,97.208353485231,27.38731676834874,62.29783512678987
2265,97.60349684910919,27.932095809147974,62.767796329128586
2270,97.50554491290467,28.742421368137492,63.12398314052108
2275,97.42961192340736,25.18396985758791,61.306790890497645
2280,96.4879733202895,22.307534097653566,59.397753708971536
2285,97.81192772575487,28.74677421166355,63.27935096870922
2290,97.39918636134087,24.764352713252645,61.08176953729675
2295,96.79564923095252,22.73381350225447,59.7647313666035
2300,97.30261715241889,25.741812386229856,61.52221476932438
2305,96.08367490782838,21.617271897785947,58.85047340280717
2310,97.59078627565532,28.727629509644192,63.159207892649746
2315,97.40798127533135,26.61070236476609,62.009341820048725
2320,97.40345428167765,25.996676547269953,61.700065414473805
2325,97.35613210507651,25.61599047894235,61.48606129200943
2330,97.36810836817466,27.26261838162058,62.315363374897615
2335,97.15643935285804,24.641091276666238,60.89876531476215
2340,98.08221737329342,26.994881287612753,62.53854933045309
2345,96.73395537360344,22.682441172440583,59.708198273022006
2350,97.68816604352747,27.684417131072376,62.68629158729993
2355,95.6342147760348,12.664741702164156,54.14947823909948
2360,96.73231720336406,24.674680930585936,60.703499066975
2365,96.04289608475409,18.907348433960365,57.47512225935723
2370,97.84066811888354,30.644652398664956,64.24266025877425
2375,96.73002977612568,23.752309047501644,60.241169411813665
2380,97.23988988404338,26.529384357707,61.88463712087518
2385,97.22244281077053,25.63402828771666,61.428235549243595
2390,97.64733695783774,26.509396837758015,62.07836689779788
2395,97.04580722724816,24.795273408189065,60.920540317718604
2400,97.39257416662913,26.554708185870318,61.97364117624973
2405,97.5698754599779,26.853103067127964,62.211489263552934
2410,98.06662799420714,29.474953605251525,63.770790799729326
2415,97.09898899727148,23.80927489808819,60.454131947679834
2420,97.77172547228503,29.20959417745704,63.49065982487103
2425,97.36083749835939,25.530567088854028,61.44570229360671
2430,97.36085003091199,26.14249887830084,61.75167445460642
2435,97.61981647693804,27.164915140847356,62.392365808892706
2440,97.34187119505437,22.38195354207082,59.8619123685626
2445,97.36917704274269,25.928433398942772,61.64880522084273
2450,97.01702079598958,24.70973917076761,60.86337998337859
2455,97.03356612584267,25.101077195549585,61.06732166069613
2460,97.25575717751195,25.657494927963054,61.4566260527375
2465,97.25084214431676,23.727039992229233,60.48894106827299
2470,96.68059599811266,22.629335155469565,59.654965576791106
2475,96.96694176607996,25.10618646441548,61.036564115247714
2480,97.35040826426685,25.241328711640826,61.29586848795384
2485,97.73096528717156,29.142773304420917,63.43686929579624
2490,97.83984583345901,26.810277006419536,62.325061419939274
2495,97.32055315017361,24.908206468153704,61.11437980916365
2500,97.39198869835415,25.210566717563292,61.301277707958725
2505,97.72114497365992,27.996438903470644,62.858791938565275
2510,97.35471806987181,24.38987779361373,60.87229793174277
2515,97.07732761391641,25.867153101697177,61.4722403578068
2520,97.92555719140739,28.67084152439447,63.29819935790093
2525,97.45826527829345,25.261901790728146,61.3600835345108
2530,97.10289312567197,25.484279736999405,61.29358643133569
2535,97.82492006783697,26.72381845377626,62.274369260806616
2540,98.42224128704383,29.727655088735833,64.07494818788983
2545,98.07169632656395,30.110975385895827,64.09133585622989
2550,97.2409906066732,26.366718337901524,61.803854472287355
2555,97.63974895179861,27.79402822463124,62.71688858821493
2560,96.93155165216342,23.179245370782606,60.055398511473015
2565,96.84736405388836,23.261571589303013,60.05446782159569
2570,96.77665152484694,23.239061642328288,60.00785658358762
2575,97.72288189253072,27.08095538977892,62.40191864115482
2580,97.22709039248997,25.64769384541346,61.43739211895172
2585,97.33983196355493,27.14403136524655,62.24193166440074
2590,97.5444426988899,27.352649486341303,62.4485460926156
2595,97.7554765737087,27.86683023181865,62.81115340276367
2600,97.66425409847402,28.516409736094104,63.09033191728406
2605,98.08240321121208,31.002977724331437,64.54269046777176
2610,96.80838584287335,24.048064267751958,60.428225055312645
2615,96.5315464968971,23.894367992365357,60.21295724463123
2620,97.71783147329754,28.190196137366293,62.95401380533191
2625,97.48224407247882,25.89775263176799,61.68999835212341
2630,97.64606674935895,25.633603450803022,61.63983510008099
2635,97.60890696924342,27.879616568812832,62.74426176902812
2640,97.10978062783538,25.43272913643284,61.27125488213411
2645,97.99257352107493,30.307278005363823,64.14992576321939
2650,98.03216056052162,30.46101182079188,64.24658619065676
2655,97.06074606556095,23.507698979799716,60.28422252268033
2660,98.0302718004138,29.018562976648916,63.52441738853136
2665,97.54672182745959,22.5500115391948,60.048366683327195
2670,97.14765226278729,24.87400434062738,61.010828301707335
2675,97.57635001630537,25.352019508275177,61.46418476229027
2680,97.70005588060862,26.81898998115718,62.2595229308829
2685,97.54075189378135,27.4852249540371,62.51298842390922
2690,97.35812859076043,25.55962574222334,61.45887716649189
2695,98.01495233328053,30.265364846379487,64.14015858983001
2700,97.64367368538352,28.95826362327913,63.30096865433133
2705,97.21107737342484,23.721809284390226,60.46644332890752
2710,98.0200456095864,31.299518362709435,64.65978198614792
2715,97.46015266154504,26.529860199451853,61.99500643049844
2720,97.58291128729276,27.04911928052887,62.31601528391082
2725,97.83716184763716,30.51254844696763,64.1748551473024
2730,97.62188501152885,28.935612414443206,63.27874871298602
2735,97.41951146625873,26.577601618064563,61.998556542161644
2740,97.94572216408943,28.105528402786284,63.02562528343786
2745,97.42096416907253,24.658123266986536,61.039543718029535
2750,97.10809001577094,25.73532220482066,61.4217061102958
2755,97.91872924350415,28.922797124512385,63.420763184008266
2760,97.89946335021769,30.53658493770489,64.21802414396129
2765,97.51648044900269,26.5267064713797,62.02159346019119
2770,97.66811076561402,27.111691882403765,62.38990132400889
2775,97.33800998703242,24.891383435187876,61.11469671111015
2780,97.86621224074801,29.08994894644181,63.47808059359491
2785,97.45140839329083,27.07954653348778,62.26547746338931
2790,97.94110014614402,31.03953473279762,64.49031743947083
2795,97.02439711674904,24.219503768355818,60.62195044255243
2800,97.02067134529001,22.82570749206262,59.923189418676316
2805,98.40505346769562,33.324837545766435,65.86494550673103
2810,97.25157370981184,26.29538789352317,61.7734808016675
2815,98.00795116192391,30.814680485024738,64.41131582347433
2820,97.725715139341,28.22526620420768,62.975490671774345
2825,96.34039663369693,22.60433407364811,59.472365353672515
2830,97.80776573280869,29.433051251428775,63.62040849211874
2835,96.47586594518157,21.806555472144606,59.14121070866308
2840,97.00273920179797,25.489705258791844,61.2462222302949
2845,97.69357573625089,25.98874141930939,61.84115857778014
2850,97.33844025407575,22.44057304412897,59.889506649102366
2855,97.50189901191978,25.114016950109185,61.30795798101448
2860,97.1207139079657,23.514449726369648,60.31758181716768
2865,97.63325913716308,28.24606242817734,62.9396607826702
2870,98.19258629584039,28.177661961514012,63.185124128677195
2875,97.24324599225093,26.284506248104833,61.76387612017788
2880,96.96534340815394,24.389620976130043,60.677482192141994
2885,96.9568944132013,24.817167127358257,60.88703077027978
2890,97.6898833114477,27.09599922989675,62.39294127067223
2895,97.59867503880952,27.592415650762707,62.59554534478611
2900,97.21286528072007,25.082390747977424,61.14762801434874
2905,96.72489485325978,22.824251995700127,59.77457342447995
2910,97.29650525286814,25.36834362228862,61.33242443757838
2915,98.10801236114258,31.25357204470826,64.68079220292542
2920,97.44288356096686,25.319874188500336,61.381378874733606
2925,97.95102187552575,29.12344015316152,63.53723101434364
2930,98.37034126940219,30.20490338972477,64.28762232956348
2935,97.80220786533644,29.757979203975626,63.78009353465603
2940,97.85980006929366,29.23371815566005,63.54675911247685
2945,96.48236162436812,20.099146121206314,58.290753872787214
2950,97.68204685212251,28.13274949358319,62.90739817285286
2955,97.81560674332054,28.46493647518732,63.14027160925393
2960,97.25616415667791,26.881385519183898,62.06877483793091
2965,96.85574729634575,24.537630377202817,60.696688836774285
2970,97.68343920936228,28.088994475119915,62.8862168422411
2975,97.76783789644165,29.724301686016336,63.74606979122899
2980,97.60510294177236,27.395709728931777,62.50040633535207
2985,98.28634601382569,32.6633830803263,65.474864547076
2990,97.60998221408032,27.412276990253936,62.511129602167124
2995,96.76148457940725,24.525832703670215,60.643658641538735
3000,96.39032959234972,19.317933880377556,57.854131736363634
3005,97.12369193568622,26.379418099271177,61.75155501747871
3010,96.80016355607006,23.10290723679467,59.95153539643236
3015,97.21660484871742,25.249304911955516,61.232954880336464
3020,97.50858910498617,26.317742928997685,61.91316601699193
3025,96.26913750118318,21.422476666653612,58.8458070839184
3030,97.46651238005308,24.43878422491017,60.95264830248161
3035,96.73910634209982,24.519231952281235,60.629169147190524
3040,98.13198180801069,30.582307117787664,64.35714446289917
3045,97.63657929957435,27.223910153923576,62.43024472674896
3050,97.44125039490524,27.42049310281197,62.43087174885859
3055,97.13118551897736,24.57796970454041,60.854577611758884
3060,97.79817972606595,28.463418102835274,63.130798914450615
3065,96.39299188267316,21.791904218599807,59.092448050636484
3070,97.56542046496224,28.357496415581572,62.96145844027191
3075,96.88926732046383,23.483624998122473,60.18644615929315
3080,97.45254501088701,26.293846111320978,61.87319556110399
3085,97.40143243104198,26.61707896873381,62.00925569988789
3090,97.41994861516682,27.27806833456575,62.34900847486629
3095,97.33688108033864,27.708204573826162,62.522542827082404
3100,97.63181822210294,27.51292412028671,62.57237117119483
3105,97.19520157654202,25.45835065033118,61.3267761134366
3110,93.3216777329524,14.636474105847816,53.9790759194001
3115,97.71976117737452,28.18541078392948,62.952585980651996
3120,97.58199803765358,26.11190178241446,61.84694991003401
3125,97.27814025898584,27.40435717990799,62.34124871944692
3130,97.09099559654368,24.542810887563533,60.8169032420536
3135,97.67667674524213,27.35962204243728,62.51814939383971
3140,97.49324454450266,27.24309956276364,62.368172053633145
3145,96.86932452588226,23.83919549942761,60.35426001265493
3150,97.45534348793937,27.413839459842237,62.43459147389081
3155,97.46476920710226,26.3524149744295,61.90859209076588
3160,98.00646615003676,28.91062693690167,63.45854654346921
3165,98.12608732580705,31.565997324439333,64.8460423251232
3170,98.1111300174712,30.110722970871823,64.11092649417152
3175,97.29666141513522,26.959268120799106,62.12796476796716
3180,97.93453555545985,28.98860463801627,63.46157009673805
3185,96.59339001398696,19.829440808258838,58.2114154111229
3190,97.70337911909176,28.006617465417587,62.85499829225467
3195,97.27735556428956,26.729194274449597,62.00327491936958
3200,97.93850739999294,28.202263479168955,63.070385439580946
3205,97.94473311214418,28.412008289221426,63.1783707006828
3210,98.17819575446416,29.66016978720835,63.91918277083626
3215,97.58126220485124,28.15766253448848,62.86946236966986
3220,98.28613006230816,30.271042292083234,64.27858617719569
3225,96.90359038824936,24.467907266059328,60.68574882715434
3230,97.53116751602579,26.941178595577224,62.2361730558015
3235,97.85720146940972,29.11636136096165,63.48678141518569
3240,97.59285207010241,28.110234098015464,62.85154308405894
3245,97.726431885416,28.300606340551514,63.013519112983765
3250,96.89428894747313,25.29058208472429,61.09243551609871
3255,97.8138476027539,28.380119942192767,63.09698377247334
3260,97.05227682403593,25.898382970765233,61.475329897400584
3265,97.18219659477485,25.521206906474013,61.35170175062443
3270,97.24167990119165,25.30674736380561,61.27421363249863
3275,97.35552957131203,27.16688000585159,62.261204788581814
3280,97.10844194672829,25.727925158302444,61.41818355251537
3285,97.86897753251587,28.563680769740284,63.21632915112808
3290,96.43713561273454,20.336699098025697,58.38691735538012
3295,96.83975469228011,22.304927059683184,59.572340875981645
3300,97.28785259931338,26.054709838071037,61.67128121869221
3305,98.10385864389397,30.663485968076643,64.3836723059853
3310,97.85857767609082,28.977648657018978,63.4181131665549
3315,97.71551462642701,28.541401892510894,63.12845825946896
3320,97.32914118687232,26.868809235373764,62.09897521112304
3325,97.5849514588886,28.566536764509536,63.07574411169906
3330,96.34991728862369,19.491618160038808,57.92076772433125
3335,97.82004984424965,29.46950410633101,63.64477697529033
3340,97.5852548111892,25.65967034850971,61.622462579849454
3345,97.81646528291084,29.094601592475506,63.45553343769317
3350,97.69067394497259,28.877675985984236,63.284174965478414
3355,97.88078082330742,29.733422485769335,63.80710165453838
3360,98.32212163960013,32.358067822222885,65.3400947309115
3365,97.9933188259878,30.11140602178233,64.05236242388506
3370,98.23767124031824,30.20622678754894,64.22194901393358
3375,97.67224316291669,27.486377682623353,62.57931042277002
3380,97.76982363812166,27.54534151429327,62.657582576207474
3385,97.72362590785248,28.660255285314236,63.19194059658335
3390,97.25971677195447,27.727566782570545,62.49364177726251
3395,97.43803529218489,26.75019580699805,62.094115549591464
3400,97.69659622972398,28.579246529855133,63.13792137978956
3405,96.55188471726963,22.69805584422932,59.62497028074948
3410,95.1430231757869,18.74884333404513,56.945933254916014
3415,97.8543554001056,27.639474693680103,62.74691504689286
3420,96.72550949498762,21.51162236026741,59.11856592762751
3425,97.72913398541267,25.780152227360382,61.75464310638653
3430,96.01278185348833,20.77774034912834,58.395261101308336
3435,97.73836288924251,25.956135486552796,61.84724918789766
3440,98.059459895562,31.245364673856336,64.65241228470917
3445,97.67334742719426,29.08522991644919,63.37928867182172
3450,97.2551805907334,27.327284865393803,62.291232728063605
3455,97.59097377488763,28.80749539346264,63.19923458417514
3460,97.52941808085913,26.97224072213188,62.25082940149551
3465,96.89530702802868,24.984431635942954,60.93986933198582
3470,97.85424016072149,30.44817548771684,64.15120782421916
3475,97.28771180872675,25.378467029628936,61.333089419177846
3480,97.2284275183649,25.740452758566228,61.48444013846556
3485,97.23944227274306,23.719786191889334,60.479614232316194
3490,97.2883887073533,25.840811407329966,61.564600057341636
3495,97.35229160611858,24.71596373205893,61.034127669088754
3500,97.83473572520296,29.984937497049724,63.909836611126345
3505,97.88935518551487,28.407602633756703,63.148478909635784
3510,96.7655173186897,23.788353244483723,60.27693528158671
3515,97.72735476157439,28.822625330308778,63.27499004594158
3520,97.64874829015689,27.789554152170314,62.71915122116361
3525,97.99157425461266,29.428005684068303,63.70978996934048
3530,97.87062059986117,29.872788035992702,63.871704317926934
3535,98.08982944581729,31.48526835543976,64.78754890062852
3540,97.71056599536053,26.525240697593276,62.1179033464769
3545,97.33372200906614,27.055568392034797,62.19464520055047
3550,97.78505612435269,28.51278555899305,63.148920841672876
3555,98.20219366873187,32.17102241399496,65.18660804136341
3560,95.21435052040378,17.911917910869555,56.563134215636666
3565,97.22913298919585,23.99767441691243,60.61340370305414
3570,97.31657251606691,26.060705808344032,61.68863916220547
3575,96.89986702491014,23.87065516216033,60.385261093535235
3580,97.42232365917995,25.415343470607965,61.41883356489396
3585,97.03525536604184,23.74999658692821,60.39262597648503
3590,97.13052025422165,25.507673619034684,61.31909693662817
3595,97.3893553001592,27.202819158310344,62.296087229234764
3600,97.56311682016829,26.78710502338432,62.1751109217763
3605,97.27278980622421,23.407300826958366,60.340045316591294
3610,97.51901489532739,25.86192546559234,61.69047018045987
3615,97.57236656311777,27.60485388249653,62.58861022280715
3620,97.4892635662506,27.469057687912517,62.479160627081555
3625,98.03344372865492,30.7753365506731,64.404390139664
3630,96.57201686399755,21.968415797420125,59.270216330708834
3635,97.73244133824107,28.985628918715157,63.35903512847811
3640,97.6219489188231,27.353615625357165,62.48778227209013
3645,98.00725984162824,30.26935611274733,64.1383079771878
3650,97.686121316273,28.22149979789864,62.95381055708582
3655,97.97045569618038,29.19704180111904,63.58374874864972
3660,97.4725189462566,27.72066562280261,62.596592284529606
3665,97.24629115006044,25.897242430867855,61.571766790464146
3670,97.41160104993149,27.160443091177406,62.286022070554445
3675,96.53910221339297,22.225962359103274,59.38253228624812
3680,97.65009324908863,27.545290329336613,62.59769178921262
3685,97.60325837034898,26.788556351153797,62.19590736075139
3690,97.56787474820783,26.569635046084812,62.06875489714632
3695,97.54054457078442,27.05278303839754,62.29666380459098
3700,96.90688366031944,23.469077423198517,60.187980541758975
3705,97.76609043694097,28.928262960108004,63.347176698524486
3710,97.8416476076416,27.617433491553395,62.729540549597495
3715,98.40042440136197,30.909059707810403,64.6547420545862
3720,97.93950551008093,29.934207262009906,63.93685638604543
3725,98.38096213537658,31.34417227262718,64.86256720400188
3730,97.68373982352962,27.50825936095504,62.595999592242336
3735,97.94756578969343,28.050014636390248,62.998790213041836
3740,97.93447656936249,29.416158166280532,63.675317367821506
3745,97.14018318730709,24.885383233144623,61.01278321022585
3750,97.98742760787081,29.31489242805253,63.65116001796167
3755,97.6280526899824,25.172644483655432,61.40034858681891
3760,96.9532625132775,24.5346234128647,60.7439429630711
3765,97.16673417647552,26.0700755869319,61.618404881703704
3770,97.18424785962154,25.530299731883154,61.357273795752356
3775,97.87857122763663,30.085117846060193,63.981844536848406
3780,97.2728363196202,24.100573102497716,60.68670471105896
3785,97.03533218348231,25.02500243475691,61.03016730911961
3790,97.5395447462017,26.817452468691965,62.17849860744683
3795,97.13695728853031,25.81806645282367,61.47751187067699
3800,97.8678466897838,29.344309281903573,63.60607798584369
3805,97.15722845898547,26.141270703399712,61.6492495811926
3810,97.78700284683752,27.9631529141973,62.8750778805174
3815,97.81590679671406,28.679197554233184,63.24755217547362
3820,94.92669632503541,18.43654928270425,56.68162280386982
3825,97.1245747410689,23.72514282778246,60.42485878442567
3830,97.17332337164902,26.422108433110097,61.79771590237956
3835,96.78532331795479,24.13233991245808,60.45883161520644
3840,97.92972246259599,28.45825609938234,63.19398928098916
3845,97.6987044300525,28.653796624144125,63.17625052709831
3850,97.70399003098939,26.997660773344624,62.35082540216701
3855,97.06815536188623,23.680045648946614,60.37410050541643
3860,98.48522913022492,32.722542658863226,65.60388589454408
3865,96.62624859391859,21.386032808540165,59.006140701229384
3870,97.62214014103857,18.78324248896997,58.20269131500427
3875,96.14688679571466,21.504356982948348,58.825621889331515
3880,97.58093696254245,28.078065397568565,62.8295011800555
3885,96.9003052278468,24.75912444533007,60.82971483658844
3890,96.97093609148307,24.55697173786935,60.76395391467621
3895,97.11013737049696,24.02924085543037,60.569689112963665
3900,97.82406959981422,28.034787795325666,62.929428697569946
3905,97.33557560749469,25.696591906610873,61.51608375705278
3910,97.39970512864382,26.526470065397913,61.96308759702086
3915,98.17288621284848,30.226597754064606,64.19974198345655
3920,96.93225120503412,24.355754578037338,60.644002891535735
3925,96.80910918647709,24.41038500343972,60.60974709495841
3930,97.69906988346588,28.783807208644525,63.24143854605521
3935,98.15511080825947,30.061286812030662,64.10819881014507
3940,97.66118893107453,27.867793891380494,62.76449141122752
3945,97.73516225999252,28.391591964461742,63.06337711222712
3950,96.23000955466286,20.538246955758595,58.38412825521072
3955,97.43951477176624,22.47141166797024,59.95546321986824
3960,97.22832783109325,26.062732530298007,61.64553018069563
3965,98.12547802705994,29.110907332521556,63.61819267979075
3970,97.31816245000164,22.678427051125883,59.99829475056375
3975,97.23945459013402,26.084588519032557,61.66202155458329
3980,97.8655479730261,27.336458297610434,62.601003135318265
3985,97.33385364926934,27.391201498319166,62.36252757379426
3990,97.40889150975487,24.81592903599687,61.11241027287587
3995,97.82275074448545,30.229855723424524,64.02630323395499
4000,97.28707049182917,25.79855612600897,61.54281330891907
4005,97.75325851833844,27.584358562038197,62.66880854018832
4010,97.96593664176407,31.124189949305276,64.54506329553467
4015,96.01228874028351,20.469956375424626,58.24112255785406
4020,97.00689789834385,24.325781223777398,60.666339561060624
4025,98.00736192610555,28.974646593605563,63.49100425985556
4030,96.5409942657461,22.026920894282274,59.28395758001418
4035,97.03681907945271,23.076043563669025,60.056431321560865
4040,97.22590079186907,22.961410050794466,60.09365542133177
4045,98.16635057566164,29.99461660514215,64.0804835904019
4050,97.5026844099004,27.591279420639708,62.54698191527005
4055,96.85700275562212,24.35187973578394,60.604441245703036
4060,97.66630969715212,28.663711435737522,63.16501056644482
4065,97.57146161706154,26.131025040480914,61.85124332877123
4070,97.75586222988966,27.463444282803273,62.60965325634646
4075,97.26071867016158,25.39327954657182,61.3269991083667
4080,97.5461516376367,27.614741685368095,62.5804466615024
4085,98.23973893956008,28.800701915268796,63.52022042741444
4090,97.83397690565478,28.07511943814535,62.95454817190006
4095,97.559410142878,27.424048340085385,62.491729241481686
4100,98.38564091623381,31.727582196186173,65.05661155620999
4105,97.62079108145645,28.608927648177403,63.11485936481692
4110,97.99116579268399,27.75589406738065,62.873529930032326
4115,98.02098348372436,29.627317654580242,63.8241505691523
4120,97.64613978822139,28.370057503434943,63.00809864582817
4125,97.85085810950413,28.68611776635091,63.26848793792752
4130,97.51885017245975,27.265646519459626,62.392248345959686
4135,97.73065748014804,28.036826487610224,62.88374198387914
4140,95.98881275343139,17.329599179710517,56.659205966570944
4145,97.13389107684493,23.633828983142628,60.383860029993784
4150,97.07433587600313,23.51020736628652,60.29227162114482
4155,97.56103776017385,27.63302145354881,62.597029606861334
4160,97.52646508015678,28.141252412550354,62.83385874635356
4165,96.8178976020002,20.38090815615775,58.59940287907898
4170,97.84120993309789,29.397353855446152,63.61928189427202
4175,96.81702733977772,23.610869447445324,60.213948393611524
4180,97.79174018567763,26.739565596724034,62.26565289120083
4185,97.62445080557715,27.889192792778278,62.75682179917772
4190,97.08332186235093,24.55074440417792,60.81703313326442
4195,95.09253443145339,15.989944939820955,55.54123968563718
4200,97.69422675411957,26.446956284897183,62.070591519508376
4205,98.09911624524138,29.570274249357414,63.8346952472994
4210,97.33098834093362,25.77866087600917,61.55482460847139
4215,97.81043520068265,29.23007515959514,63.52025518013888
4220,97.81143422360404,28.903562566206087,63.35749839490505
4225,97.61251416695642,27.97080722164122,62.79166069429883
4230,97.71271377900732,28.1811160536123,62.9469149163098
4235,97.97087013845402,30.90135542645011,64.43611278245207
4240,98.47600603905876,31.514839207210976,64.99542262313487
4245,98.01371484313304,29.975820748154298,63.99476779564367
4250,97.52984106551135,24.953661226308018,61.24175114590968
4255,97.99849588253213,29.545874617034745,63.77218524978344
4260,97.83564497350949,29.54944371501624,63.692544344262856
4265,98.07432529775598,29.20780163614128,63.64106346694863
4270,97.03001947985047,23.620269424478355,60.3251444521644
4275,96.80430117969595,21.94480792824603,59.374554553970995
4280,97.86567503445443,29.195376603671292,63.53052581906285
4285,97.4731172578276,26.854894536715268,62.16400589727142
4290,97.67833067845419,28.59875169588791,63.13854118717105
4295,97.79931878677654,26.79004669744553,62.29468274211103
4300,97.72476775039424,28.120911074434474,62.922839412414355
4305,97.9997554582252,30.44360660183893,64.22168103003206
4310,98.19975933389577,30.439409177777183,64.31958425583647
4315,97.85549014957854,26.90025984915016,62.37787499936436
4320,97.45809229756314,27.19804618117229,62.328069239367714
4325,97.11156872407258,24.98922613666844,61.05039743037051
4330,97.81188985693836,28.922739334997893,63.367314595968125
4335,98.3198482289669,31.71874495104533,65.01929659000612
4340,97.43479540430482,27.290796325243218,62.36279586477402
4345,98.21059847870326,27.864860768033537,63.0377296233684
4350,96.80334875361774,23.354605309653376,60.07897703163556
4355,97.71689721862361,28.171567813128956,62.94423251587629
4360,98.15717252625272,31.373370085318985,64.76527130578586
4365,96.94939970201582,24.158821743091405,60.55411072255361
4370,98.02622800861374,28.475930050626562,63.25107902962015
4375,97.60072913698107,27.643662429507405,62.62219578324424
4380,97.23420508827611,24.60644402474142,60.92032455650877
4385,97.49129046766195,27.327019262121112,62.40915486489153
4390,97.9996026257249,29.28666234238558,63.64313248405524
4395,97.70110147194664,28.46532323197289,63.08321235195977
4400,97.5127146985166,25.170311710919655,61.341513204718126
4405,97.57081611458095,27.74683760170914,62.65882685814505
4410,97.63221735707477,27.790218947501323,62.71121815228804
4415,97.97726339705638,31.879582551414426,64.9284229742354
4420,97.44358299551931,27.22968290281062,62.33663294916496
4425,97.86115545968714,29.897430901550365,63.87929318061876
4430,97.46389721520164,25.539100195101817,61.50149870515173
4435,97.63240329529445,28.269315364392966,62.95085932984371
4440,98.30472037498359,30.921986734516487,64.61335355475003
4445,97.66377668360613,26.6077120856891,62.135744384647616
4450,98.13988744141226,30.822202170515112,64.48104480596368
4455,97.29519174481517,25.344691436884588,61.31994159084988
4460,97.16623087722478,26.142334750708574,61.654282813966674
4465,98.04917138526541,30.441472419558625,64.24532190241202
4470,97.60650212829681,28.665946038337847,63.13622408331733
4475,98.29156018577413,30.063852583817358,64.17770638479574
4480,98.10165958325744,30.22317256085616,64.1624160720568
4485,97.23983296174828,26.40033993130555,61.820086446526915
4490,97.54892551604576,27.667738036393146,62.60833177621945
4495,97.25839252851121,26.438907875122208,61.84865020181671
4500,97.67688532339342,27.807118444216318,62.74200188380487
4505,97.33269041553807,26.675786294134262,62.004238354836176
4510,97.45659790523348,22.489209539203323,59.9729037222184
4515,97.95169574133843,29.097887371781813,63.524791556560125
4520,97.41911486308452,25.191130822444986,61.305122842764746
4525,98.2901703149731,31.758743996106727,65.0244571555399
4530,98.10628990279659,28.82411882119052,63.46520436199356
4535,96.30206929426762,19.611731804903712,57.95690054958567
4540,98.22592962151207,30.173945059770467,64.19993734064127
4545,97.13088281815885,25.85107982264837,61.49098132040361
4550,97.32270604588619,26.873972243036278,62.098339144461235
4555,97.50627972129575,27.105768693633582,62.306024207464674
4560,97.17702167368148,24.208454268383907,60.6927379710327
4565,97.18871334297398,24.189346318007647,60.68902983049082
4570,97.77830336161156,28.617657739987962,63.19798055079976
4575,98.22614729337268,30.99400249139972,64.6100748923862
4580,97.74726648385557,26.728535441735634,62.2379009627956
4585,97.59401177822305,28.308751112429547,62.95138144532629
4590,98.25409991302524,31.561445222220367,64.9077725676228
4595,97.67188132583975,28.064006953355936,62.86794413959784
4600,97.66355355981908,28.24074111811672,62.952147338967904
4605,96.87494710133942,25.099820326596696,60.98738371396806
4610,97.99669787870513,29.20475384167042,63.60072586018778
4615,97.84353494314733,29.34735172972569,63.59544333643652
4620,98.29790734345464,26.241452687673984,62.26968001556431
4625,97.61362588998523,28.29397941716534,62.95380265357529
4630,97.80420152086867,28.280502998618957,63.042352259743815
4635,96.96638063742787,21.463179891041694,59.21478026423479
4640,95.37373010038125,17.18582833373178,56.279779217056515
4645,96.94696349775846,24.035554592446168,60.49125904510232
4650,97.26178280639006,24.485377348481467,60.87358007743576
4655,97.8569316938943,28.079412204446914,62.9681719491706
4660,97.9884932467709,28.464642979362466,63.22656811306668
4665,97.42179223858504,27.268110351233325,62.34495129490919
4670,97.32632394466462,25.818230022019783,61.5722769833422
4675,98.14693374569637,31.52468683874976,64.83581029222307
4680,97.05217652465747,25.530872581856347,61.291524553256906
4685,97.96619129813108,30.551080651562128,64.2586359748466
4690,97.70722813309996,25.39524157772366,61.551234855411806
4695,97.96485422578746,28.523142475110713,63.24399835044909
4700,96.76273105090296,24.37204428436452,60.56738766763373
4705,97.38100980496995,26.065622042748508,61.72331592385923
4710,96.65388019141966,19.187672649170484,57.92077642029507
4715,97.70600102418699,27.902561134857752,62.804281079522376
4720,97.88086734114351,27.329921460257435,62.605394400700476
4725,97.67393942120479,24.28093991625448,60.97743966872964
4730,97.87370335439603,29.118628929204675,63.496166141800344
4735,98.00449213637445,29.780669582113116,63.892580859243786
4740,97.63721580993901,27.568145768088826,62.60268078901392
4745,97.49295094456308,27.343555860899567,62.41825340273132
4750,97.98115666593745,31.49671400741589,64.73893533667668
4755,97.31677113913173,26.903717830639636,62.110244484885676
4760,97.87177331524542,29.917890961713905,63.894832138479664
4765,97.65955714480758,28.75596377130149,63.20776045805454
4770,97.26500661331946,26.347184200514327,61.806095406916896
4775,97.764314292185,30.257564411811483,64.01093935199825
4780,95.40699227508233,18.33434116290935,56.87066671899584
4785,97.86687975813439,27.30426486849808,62.58557231331624
4790,97.74545533447196,27.69991110808661,62.72268322127928
4795,97.54343598106695,26.026723240017123,61.785079610542034
4800,97.65700271315735,27.830729607279153,62.74386616021825
4805,98.35986747282483,30.555284517284576,64.45757599505471
4810,97.35198726976365,23.875934482014724,60.613960875889184
4815,98.08439237868131,30.24344930939653,64.16392084403893
4820,97.22938208994836,25.68051374416629,61.454947917057325
4825,96.41979582405267,21.82886869378121,59.12433225891694
4830,97.22356559616789,25.97694248648465,61.60025404132627
4835,97.31708924745129,26.81680313350956,62.06694619048043
4840,97.94384890315084,28.16754527975461,63.05569709145272
4845,97.27594197785704,26.534618717814656,61.905280347835856
4850,97.82090425345477,27.23112269968525,62.52601347657001
4855,97.74497116965519,28.29459293687668,63.01978205326593
4860,97.80801776128072,28.90153412406215,63.35477594267144
4865,95.87962766596189,17.358542965813452,56.61908531588767
4870,97.50907393749901,26.50205091145966,62.00556242447933
4875,97.98423531645508,29.966095384493453,63.97516535047427
4880,98.005546355649,29.483841510007114,63.74469393282807
4885,95.8295116277463,20.045046077725626,57.937278852735965
4890,97.71300559941447,28.55675444887063,63.13488002414255
4895,97.22897043760652,24.6599023520219,60.944436394814204
4900,97.18426208786259,24.06222338622135,60.62324273704197
4905,97.52285932521409,25.204756418129858,61.36380787167197
4910,98.41151118236361,33.221420421116434,65.81646580174002
4915,97.29725001521797,25.893570080424038,61.595410047821005
4920,97.77405040723771,27.6490719907587,62.71156119899821
4925,97.33754570629293,26.62707431761006,61.98231001195149
4930,96.46579007508097,22.224554052142313,59.34517206361165
4935,97.84187046522533,28.540035588751422,63.19095302698838
4940,97.0919326470822,24.84177703789048,60.96685484248634
4945,97.50145907264394,27.80269987225668,62.6520794724503
4950,97.44985841690983,27.095704310868246,62.27278136388904
4955,97.58814991198142,27.97135330579331,62.77975160888736
4960,96.88946361591384,23.852936071512847,60.37119984371334
4965,97.0047869844095,23.702197661768473,60.353492323088986
4970,97.80316009889003,28.858349952269784,63.33075502557991
4975,98.06792777667252,30.609383320045076,64.3386555483588
4980,97.66182120992401,28.36861093967639,63.01521607480021
4985,97.87283121663066,29.47613426247649,63.674482739553575
4990,95.9484372117522,20.78723324652002,58.36783522913611
4995,97.08477280552799,25.579335873426594,61.332054339477295
5000,97.52674376935082,27.16923384739473,62.34798880837277
